,Identifier,Collection_count,Collection_Description_count,Title_count,Personal_Name_count,Corporate_Name_count,Role_count,Description_count,Note_count,Type_count,Genre_count,Form_count,Language_count,Rights_count,Owning_Institution_count,Digital_Format_count,Digital_Origin_count,Time_Period_count,File_Name_count,Subject_Topic_count,Subject_Personal_Name_count,Subject_Corporate_Name_count,Location_count,Publisher_count,Place_of_Publication_count,Extent_count,Date_Created_count,Date_Issued_count
0,701-151-005-3057-005,1,1,1,0,0,1,1,0,1,1,1,1,1,1,1,1,1,1,1,5,0,1,0,0,1,1,1
1,701-151-005-3057-010,1,1,1,0,0,1,0,1,1,1,1,1,1,1,1,1,1,1,1,2,1,0,1,0,1,1,1
2,701-151-005-3057-014,1,1,1,0,0,1,0,1,1,1,1,0,1,1,1,1,1,1,1,1,1,0,1,0,1,1,1
3,701-151-005-3061-001,1,1,1,0,0,1,1,0,1,1,1,1,1,1,1,1,1,1,1,2,0,0,1,1,1,1,1
4,701-151-005-4949-001,1,1,1,0,0,1,0,0,1,1,1,1,1,1,1,1,1,1,2,0,0,0,1,1,1,1,1
6,701-151-005-2464-001,1,1,1,0,0,1,1,1,1,1,1,1,1,1,1,1,1,1,2,1,0,1,1,0,1,1,1
7,701-151-005-2505-001,1,1,1,0,0,1,1,1,1,1,1,1,1,1,1,1,1,1,3,0,0,0,0,0,1,0,0
8,701-151-005-2484-001,1,1,1,0,0,1,1,1,1,1,1,1,1,1,1,1,1,1,2,0,0,0,0,0,1,1,0
9,701-151-005-2487-001,1,1,1,0,0,1,1,0,1,1,1,1,1,1,1,1,1,2,1,1,1,1,0,0,1,1,0
10,701-151-005-2579-001,1,1,1,0,0,1,1,1,1,1,1,1,1,1,1,1,1,2,3,0,1,1,1,0,2,1,0
11,701-151-005-2486-001,1,1,1,0,0,1,1,1,1,1,1,1,1,1,1,1,1,1,3,1,1,1,0,0,1,1,0
12,701-151-005-2480-001,1,1,1,0,0,1,1,1,1,1,1,1,1,1,1,1,1,1,5,0,0,1,1,0,1,1,0
13,701-151-005-2472-001,1,1,1,0,0,1,1,1,1,1,1,0,1,1,1,1,1,1,3,0,0,1,1,0,1,1,0
14,701-151-005-2573-001,1,1,1,0,0,1,1,0,1,1,1,1,1,1,1,1,1,1,4,2,2,1,0,0,1,1,0
15,701-151-005-2574-001,1,1,1,0,0,1,1,1,1,1,1,1,1,1,1,1,1,4,2,1,2,1,1,0,4,1,0
16,701-151-005-2597-001,1,1,1,0,0,1,1,1,1,1,1,1,1,1,1,1,1,2,2,0,1,1,0,0,2,1,0
17,701-151-005-2488-001,1,1,1,0,0,1,1,1,1,1,1,1,1,1,1,1,1,3,2,2,1,1,1,0,3,1,0
18,701-151-005-2612-001,1,1,1,0,0,1,1,0,1,1,1,1,1,1,1,1,1,2,2,1,1,1,0,0,2,1,0
19,701-151-005-2512-001,1,1,1,0,0,1,1,1,1,1,1,0,1,1,1,1,1,1,2,1,1,1,1,0,1,0,1
20,701-151-005-2534-001,1,1,1,0,0,1,1,0,1,1,1,0,0,1,1,1,1,1,2,1,1,1,1,0,1,0,1
21,701-151-005-2617-001,1,1,1,0,0,1,1,1,1,1,1,0,0,1,1,1,1,1,4,1,1,0,1,0,1,0,0
22,701-151-005-2624-001,1,1,1,0,1,1,1,1,1,1,1,0,0,1,1,1,1,5,4,0,1,1,1,0,5,0,0
23,701-151-005-2618-001,1,1,1,0,0,1,1,0,1,1,1,0,0,1,1,1,1,1,4,0,0,1,0,0,1,0,0
24,701-151-005-2619-001,1,1,1,0,0,1,1,1,1,1,1,0,0,1,1,1,1,1,4,0,1,1,1,0,1,0,0
25,701-151-005-2656-001,1,1,1,0,0,1,1,1,1,1,1,0,0,1,1,1,1,2,3,0,1,0,1,0,2,0,0
26,701-151-005-2855-001,1,1,1,0,0,1,1,1,1,1,1,0,0,1,1,1,1,1,2,1,3,1,0,0,1,0,1
27,701-151-005-2683-001,1,1,1,0,0,1,1,1,1,1,1,0,0,1,1,1,1,2,3,4,1,1,1,0,2,0,1
28,701-151-005-2577-001,1,1,1,0,0,1,1,1,1,1,1,0,0,1,1,1,1,1,4,4,1,1,0,0,1,0,1
29,701-151-005-2621-001,1,1,1,0,0,1,1,1,1,1,1,0,0,1,1,1,1,1,8,0,1,0,1,0,1,0,0
30,701-151-005-2661-001,1,1,1,0,0,1,1,1,1,1,1,0,0,1,1,1,1,2,3,0,1,1,0,0,2,0,0
31,701-151-005-2651-001,1,1,1,0,0,1,1,0,1,1,1,0,0,1,1,1,1,1,4,0,1,1,0,0,1,0,0
32,701-151-005-2648-001,1,1,1,0,0,1,1,0,1,1,1,0,0,1,1,1,1,1,4,0,1,0,1,0,1,0,0
33,701-151-005-2573-001,1,1,1,0,0,1,1,1,1,1,1,0,0,1,1,1,1,1,3,2,2,1,0,0,1,0,1
34,701-151-005-2632-001,1,1,1,0,0,1,1,0,1,1,1,0,0,1,1,1,1,2,4,0,1,1,0,0,2,0,1
35,701-151-005-2633-001,1,1,1,0,0,1,1,0,1,1,1,0,0,1,1,1,1,1,3,0,1,0,0,0,1,0,0
36,701-151-005-2634-001,1,1,1,0,0,1,1,1,1,1,1,0,0,1,1,1,1,2,4,0,1,0,1,0,2,0,0
37,701-151-005-2471-001,1,1,1,0,0,1,1,1,1,1,1,0,0,1,1,1,1,1,2,1,1,2,1,0,1,0,1
38,701-151-005-2856-001,1,1,1,0,0,1,1,1,1,1,1,0,0,1,1,1,1,1,1,0,3,1,0,0,1,0,1
39,701-151-005-2660-001,1,1,1,0,0,1,1,1,1,1,1,0,0,1,1,1,1,1,4,0,1,0,0,0,1,0,0
40,701-151-005-2687-001,1,1,1,0,0,1,1,1,1,1,1,0,0,1,1,1,1,1,2,3,2,1,1,0,1,0,0
41,701-151-005-2954-001,1,1,1,0,0,1,1,1,1,1,1,0,0,1,1,1,1,1,3,1,2,1,0,0,1,0,1
42,701-151-005-2596-001,1,1,1,0,0,1,1,1,1,1,1,0,0,1,1,1,1,2,4,2,2,1,1,0,2,0,0
43,701-151-005-2568-001,1,1,1,0,0,1,1,1,1,1,1,0,0,1,1,1,1,1,7,2,1,0,1,0,1,0,1
44,701-151-005-4901-001,1,1,1,0,0,1,1,1,1,1,1,0,0,1,1,1,1,1,6,0,1,1,0,0,1,0,1
45,701-151-005-4953-001,1,1,1,0,0,1,1,1,1,1,1,0,0,1,1,1,1,1,3,0,0,2,1,0,1,0,1
46,701-151-005-4967-001,1,1,1,0,0,1,1,1,1,1,1,0,0,1,1,1,1,1,4,0,0,1,1,0,1,0,1
47,701-151-005-4964-001,1,1,1,0,0,1,1,0,1,1,1,0,0,1,1,1,1,1,3,0,0,1,0,0,1,0,1
48,701-151-005-2946-001,1,1,1,0,0,1,1,1,1,1,1,0,0,1,1,1,1,1,5,0,2,1,0,0,1,0,0
49,701-151-005-2953-001,1,1,1,0,0,1,1,1,1,1,1,0,0,1,1,1,1,2,3,1,2,0,1,0,2,0,1
50,701-151-005-2964-001,1,1,1,0,0,1,1,1,1,1,1,0,0,1,1,1,1,2,3,0,2,1,1,0,2,0,0
51,701-151-005-2948-001,1,1,1,0,0,1,1,1,1,1,1,0,0,1,1,1,1,1,3,3,3,0,1,0,1,0,0
52,701-151-005-2955-001,1,1,1,0,0,1,1,1,1,1,1,0,0,1,1,1,1,1,4,1,3,1,0,0,1,0,0
53,701-151-005-4888-001,1,1,1,0,0,1,1,1,1,1,1,0,0,1,1,1,1,1,6,0,0,1,0,0,1,0,1
54,701-151-005-2922-001,1,1,1,0,0,1,1,1,1,1,1,0,0,1,1,1,1,1,3,1,2,1,1,0,1,0,0
55,701-151-005-4969-001,1,1,1,0,0,1,1,0,1,1,1,0,0,1,1,1,1,1,5,0,0,1,0,0,1,0,1
56,701-151-005-4977-001,1,1,1,0,0,1,1,1,1,1,1,0,0,1,1,1,1,1,4,0,0,1,1,0,1,0,1
57,701-151-005-2928-001,1,1,1,0,0,1,1,1,1,1,1,0,0,1,1,1,1,1,5,1,2,0,1,0,1,0,0
58,701-151-005-4886-001,1,1,1,0,0,1,1,1,1,1,1,0,0,1,1,1,1,1,5,0,0,1,0,0,1,0,1
59,701-151-005-2929-001,1,1,1,0,0,1,1,0,1,1,1,0,0,1,1,1,1,1,4,1,2,0,1,0,1,0,0
60,701-151-005-4951-001,1,1,1,0,0,1,1,1,1,1,1,0,0,1,1,1,1,1,6,0,0,0,1,0,1,0,1
61,701-151-005-3075-001,1,1,1,0,0,1,1,1,1,1,1,0,0,1,1,1,1,3,5,0,1,1,1,0,3,0,1
62,701-151-005-4950-001,1,1,1,0,0,1,1,1,1,1,1,0,0,1,1,1,1,1,5,0,1,1,1,0,1,0,1
63,701-151-005-4970-001,1,1,1,0,0,1,1,0,1,1,1,0,0,1,1,1,1,1,6,0,0,1,1,0,1,0,1
64,701-151-005-4944-001,1,1,1,0,0,1,1,0,1,1,1,0,0,1,1,1,1,1,5,0,0,0,0,0,1,0,1
65,701-151-005-2666-001,1,1,1,0,0,1,1,1,1,1,1,0,0,1,1,1,1,1,4,1,1,0,1,0,1,0,0
66,701-151-005-2849-001,1,1,1,0,0,1,1,1,1,1,1,0,0,1,1,1,1,4,6,0,2,0,0,0,4,0,0
67,701-151-005-2865-001,1,1,1,0,0,1,1,1,1,1,1,0,0,1,1,1,1,1,3,1,3,0,1,0,1,0,1
68,701-151-005-2959-001,1,1,1,0,0,1,1,1,1,1,1,0,0,1,1,1,1,1,3,0,3,1,0,0,1,0,0
69,701-151-005-2846-001,1,1,1,0,0,1,1,1,1,1,1,0,0,1,1,1,1,2,2,0,3,1,0,0,2,0,1
70,701-151-005-2939-001,1,1,1,0,0,1,1,1,1,1,1,0,0,1,1,1,1,2,3,1,2,1,0,0,2,0,0
71,701-151-005-2960-001,1,1,1,0,0,1,1,1,1,1,1,0,0,1,1,1,1,1,3,0,2,0,1,0,1,0,0
72,701-151-005-2957-001,1,1,1,0,0,1,1,1,1,1,1,0,0,1,1,1,1,1,4,1,2,0,0,0,1,0,1
73,701-151-005-2844-001,1,1,1,0,0,1,1,1,1,1,1,0,0,1,1,1,1,7,3,2,2,1,1,0,7,0,1
74,701-151-005-2936-001,1,1,1,0,0,1,1,1,1,1,1,0,0,1,1,1,1,2,2,1,1,1,1,0,2,0,0
75,701-151-005-4924-001,1,1,1,0,0,1,1,1,1,1,1,0,0,1,1,1,1,1,4,0,0,1,1,0,1,0,1
76,701-151-005-4895-001,1,1,1,0,0,1,1,1,1,1,1,0,0,1,1,1,1,1,6,0,0,1,0,0,1,0,1
77,701-151-005-2834-001,1,1,1,0,0,1,1,1,1,1,1,0,0,1,1,1,1,1,3,0,4,1,0,0,1,0,1
78,701-151-005-4873-001,1,1,1,0,0,1,1,1,1,1,1,0,0,1,1,1,1,1,7,2,1,1,1,0,1,0,1
79,701-151-005-2837-001,1,1,1,0,0,1,1,1,1,1,1,0,0,1,1,1,1,1,2,0,3,0,1,0,1,0,0
80,701-151-005-3099-001,1,1,1,0,1,1,1,1,1,1,1,0,0,1,1,1,1,3,5,1,1,1,1,0,3,0,1
81,701-151-005-3103-001,1,1,1,0,0,1,1,1,1,1,1,0,0,1,1,1,1,1,3,0,1,2,1,0,1,0,1
82,701-151-005-2832-001,1,1,1,0,1,1,1,1,1,1,1,0,0,1,1,1,1,5,2,1,3,0,1,0,5,0,1
83,701-151-005-4989-001,1,1,1,0,0,1,1,1,1,1,1,0,0,1,1,1,1,1,7,0,0,2,0,0,1,0,1
84,701-151-005-3052-001,1,1,1,0,0,1,1,1,1,1,1,0,0,1,1,1,1,1,2,0,3,0,0,0,1,0,0
85,701-151-005-4993-001,1,1,1,0,0,1,1,1,1,1,1,0,0,1,1,1,1,1,7,0,0,1,0,0,1,0,0
86,701-151-005-2852-001,1,1,1,0,0,1,1,1,1,1,1,0,0,1,1,1,1,1,4,0,3,1,0,0,1,0,1
87,701-151-005-4986-001,1,1,1,0,0,1,1,1,1,1,1,0,0,1,1,1,1,1,6,0,0,1,0,0,1,0,1
88,701-151-005-2931-001,1,1,1,0,0,1,1,1,1,1,1,0,0,1,1,1,1,1,6,2,2,0,0,0,1,0,1
89,701-151-005-5000-001,1,1,1,0,0,1,1,1,1,1,1,0,0,1,1,1,1,1,9,0,0,1,0,0,1,0,1
90,701-151-005-4994-001,1,1,1,0,0,1,1,1,1,1,1,0,0,1,1,1,1,1,6,0,0,1,0,0,1,0,1
91,701-151-005-2930-001,1,1,1,0,0,1,1,1,1,1,1,0,0,1,1,1,1,1,3,3,3,0,1,0,1,0,0
92,701-151-005-2956-001,1,1,1,0,0,1,1,1,1,1,1,0,0,1,1,1,1,3,3,1,3,0,1,0,3,0,1
93,701-151-005-2927-001,1,1,1,0,0,1,1,1,1,1,1,0,0,1,1,1,1,1,4,1,2,0,1,0,1,0,0
94,701-151-005-2935-001,1,1,1,0,0,1,1,1,1,1,1,0,0,1,1,1,1,1,2,7,2,1,0,0,1,0,0
95,701-151-005-4946-001,1,1,1,0,0,1,1,1,1,1,1,0,0,1,1,1,1,1,7,0,0,0,1,0,1,0,1
96,701-151-005-4990-001,1,1,1,0,0,1,1,1,1,1,1,0,0,1,1,1,1,1,9,0,0,1,0,0,1,0,1
97,701-151-005-2567-001,1,1,1,0,0,1,1,1,1,1,1,0,0,1,1,1,1,2,6,0,1,1,0,0,2,0,0
98,701-151-005-3023-001,1,1,1,0,0,1,1,1,1,1,1,0,0,1,1,1,1,1,4,1,3,0,0,0,1,0,0
99,701-151-005-4945-001,1,1,1,0,0,1,1,1,1,1,1,0,0,1,1,1,1,1,6,0,0,1,1,0,1,0,1
100,701-151-005-2950-001,1,1,1,0,0,1,1,1,1,1,1,0,0,1,1,1,1,1,3,1,2,1,0,0,1,0,0
101,701-151-005-2945-001,1,1,1,0,1,1,1,1,1,1,1,0,0,1,1,1,1,1,6,0,2,1,0,0,1,0,0
102,701-151-005-4931-001,1,1,1,0,0,1,1,1,1,1,1,0,0,1,1,1,1,1,5,0,1,1,0,0,1,0,1
103,701-151-005-2829-001,1,1,1,0,0,1,1,1,1,1,1,0,0,1,1,1,1,3,3,0,2,1,1,0,3,0,1
104,701-151-005-2934-001,1,1,1,0,0,1,1,0,1,1,1,0,0,1,1,1,1,1,3,1,3,1,1,0,1,0,0
105,701-151-005-2780-001,1,1,1,0,0,1,1,1,1,1,1,0,0,1,1,1,1,1,3,1,1,0,1,0,1,0,0
106,701-151-005-3094-001,1,1,1,0,0,1,1,1,1,1,1,0,0,1,1,1,1,3,4,0,1,1,1,0,3,0,0
107,701-151-005-4949-001,1,1,1,0,0,1,1,1,1,1,1,0,0,1,1,1,1,1,6,0,1,1,0,0,1,0,1
108,701-151-005-2897-001,1,1,1,0,0,1,1,1,1,1,1,0,0,1,1,1,1,1,4,0,2,0,1,0,1,0,0
109,701-151-005-2915-001,1,1,1,0,0,1,1,1,1,1,1,0,0,1,1,1,1,2,3,0,1,1,1,0,2,0,0
110,701-151-005-4992-001,1,1,1,0,0,1,1,1,1,1,1,0,0,1,1,1,1,1,7,0,1,2,0,0,1,0,1
111,701-151-005-2872-001,1,1,1,0,0,1,1,1,1,1,1,0,0,1,1,1,1,1,7,0,2,0,0,0,1,0,0
112,701-151-005-2522-002,1,1,1,0,0,1,1,1,1,1,1,0,0,1,1,1,1,4,5,0,1,1,1,0,4,0,0
113,701-151-005-2923-001,1,1,1,0,0,1,1,1,1,1,1,0,0,1,1,1,1,3,6,1,1,1,1,0,3,0,1
114,701-151-005-2944-001,1,1,1,0,0,1,1,1,1,1,1,0,0,1,1,1,1,1,5,0,2,0,0,0,1,0,0
115,701-151-005-2917-001,1,1,1,0,1,1,1,1,1,1,1,0,0,1,1,1,1,1,5,2,2,0,0,0,1,0,1
116,701-151-005-2544-003,1,1,1,0,0,1,1,1,1,1,1,0,0,1,1,1,1,3,5,2,1,1,1,0,3,0,1
117,701-151-005-2926-001,1,1,1,0,0,1,1,0,1,1,1,0,0,1,1,1,1,1,5,2,2,1,0,0,1,0,0
118,701-151-005-4988-001,1,1,1,0,0,1,1,1,1,1,1,0,0,1,1,1,1,1,8,0,2,1,0,0,1,0,1
119,701-151-005-4991-001,1,1,1,0,0,1,1,1,1,1,1,0,0,1,1,1,1,1,8,0,0,1,0,0,1,0,1
120,701-151-005-3084-001,1,1,1,0,0,1,1,1,1,1,1,0,0,1,1,1,1,1,4,0,1,1,1,0,1,0,1
121,701-151-005-2509-001,1,1,1,0,0,1,1,1,1,1,1,0,0,1,1,1,1,2,5,0,1,0,1,0,2,0,1
122,701-151-005-4889-001,1,1,1,0,0,1,1,1,1,1,1,0,0,1,1,1,1,1,5,0,1,1,1,0,1,0,1
123,701-151-005-4973-001,1,1,1,0,0,1,1,1,1,1,1,0,0,1,1,1,1,1,6,0,0,1,0,0,1,0,1
124,701-151-005-4966-001,1,1,1,0,0,1,1,1,1,1,1,0,0,1,1,1,1,1,7,0,0,1,1,0,1,0,1
125,701-151-005-4963-001,1,1,1,0,0,1,1,1,1,1,1,0,0,1,1,1,1,1,7,0,1,1,1,0,1,0,1
126,701-151-005-4955-001,1,1,1,0,0,1,1,1,1,1,1,0,0,1,1,1,1,1,6,0,0,1,1,0,1,0,1
127,701-151-005-3097-001,1,1,1,0,0,1,1,1,1,1,1,0,0,1,1,1,1,3,4,0,2,1,1,0,3,0,1
128,701-151-005-3088-001,1,1,1,0,1,1,1,1,1,1,1,0,0,1,1,1,1,3,6,0,1,1,1,0,3,0,1
129,701-151-005-4954-001,1,1,1,0,0,1,1,1,1,1,1,0,0,1,1,1,1,1,9,0,0,1,1,0,1,0,1
130,701-151-005-4943-001,1,1,1,0,0,1,1,1,1,1,1,0,0,1,1,1,1,1,6,0,0,1,1,0,1,0,1
131,701-151-005-4947-001,1,1,1,0,0,1,1,0,1,1,1,0,0,1,1,1,1,1,9,0,0,1,0,0,1,0,0
132,701-151-005-3101-001,1,1,1,0,0,1,1,1,1,1,1,0,0,1,1,1,1,1,2,0,1,1,1,0,1,0,1
133,701-151-005-3102-001,1,1,1,0,0,1,1,1,1,1,1,0,0,1,1,1,1,1,4,0,1,1,0,0,1,0,1
134,701-151-005-4984-001,1,1,1,0,0,1,1,1,1,1,1,0,0,1,1,1,1,1,7,0,1,1,0,0,1,0,1
135,701-151-005-3100-001,1,1,1,0,0,1,1,1,1,1,1,0,0,1,1,1,1,1,4,0,1,1,1,0,1,0,1
136,701-151-005-4983-001,1,1,1,0,0,1,1,1,1,1,1,0,0,1,1,1,1,1,8,0,0,1,0,0,1,0,1
137,701-151-005-4999-001,1,1,1,0,0,1,1,1,1,1,1,0,0,1,1,1,1,1,9,0,0,1,1,0,1,0,1
138,701-151-005-4987-001,1,1,1,0,0,1,1,0,1,1,1,0,0,1,1,1,1,1,10,0,1,1,1,0,1,0,1
139,701-151-005-2536-001,1,1,1,0,0,1,1,1,1,1,1,0,0,1,1,1,1,2,2,2,1,1,1,0,2,0,0
140,701-151-005-2570-001,1,1,1,0,0,1,1,1,1,1,1,0,0,1,1,1,1,2,4,4,1,0,1,0,2,0,0
141,701-151-005-2569-001,1,1,1,0,0,1,1,1,1,1,1,0,0,1,1,1,1,1,3,2,1,0,1,0,1,0,1
142,701-151-005-2847-001,1,1,1,0,0,1,1,1,1,1,1,0,0,1,1,1,1,1,4,0,3,0,0,0,1,0,0
143,701-151-005-2851-001,1,1,1,0,0,1,1,1,1,1,1,0,0,1,1,1,1,1,3,0,3,1,0,0,1,0,0
144,701-151-005-3024-001,1,1,1,0,0,1,1,1,1,1,1,0,0,1,1,1,1,1,3,1,2,0,1,0,1,0,0
145,701-151-005-2850-001,1,1,1,0,0,1,1,1,1,1,1,0,0,1,1,1,1,1,3,0,3,0,0,0,1,0,0
146,701-151-005-4985-001,1,1,1,0,0,1,1,1,1,1,1,0,0,1,1,1,1,1,6,0,1,0,1,0,1,0,1
147,701-151-005-4982-001,1,1,1,0,0,1,1,1,1,1,1,0,0,1,1,1,1,1,7,0,0,1,1,0,1,0,1
148,701-151-005-4971-001,1,1,1,0,0,1,1,1,1,1,1,0,0,1,1,1,1,1,6,0,0,0,1,0,1,0,1
149,701-151-005-4975-001,1,1,1,0,0,1,1,1,1,1,1,0,0,1,1,1,1,1,6,0,0,0,0,0,1,0,1
150,701-151-005-4935-001,1,1,1,0,0,1,1,1,1,1,1,0,0,1,1,1,1,1,9,0,0,0,0,0,1,0,1
151,701-151-005-4980-001,1,1,1,0,0,1,1,1,1,1,1,0,0,1,1,1,1,1,7,0,1,1,1,0,1,0,1
152,701-151-005-4968-001,1,1,1,0,0,1,1,0,1,1,1,0,0,1,1,1,1,1,4,0,0,1,0,0,1,0,1
153,701-151-005-4952-001,1,1,1,0,0,1,1,1,1,1,1,0,0,1,1,1,1,1,4,0,0,0,0,0,1,0,0
154,701-151-005-4979-001,1,1,1,0,0,1,1,1,1,1,1,0,0,1,1,1,1,1,5,0,0,1,1,0,1,0,1
155,701-151-005-4976-001,1,1,1,0,0,1,1,1,1,1,1,0,0,1,1,1,1,1,9,0,0,1,1,0,1,0,1
156,701-151-005-2528-002,1,1,1,0,0,1,1,1,1,1,1,0,0,1,1,1,1,3,8,0,1,1,1,0,3,0,0
157,701-151-005-2871-001,1,1,1,0,0,1,1,1,1,1,1,0,0,1,1,1,1,2,3,1,2,1,1,0,2,0,0
158,701-151-005-4956-001,1,1,1,0,0,1,1,1,1,1,1,0,0,1,1,1,1,1,6,0,1,1,0,0,1,0,1
159,701-151-005-2557-001,1,1,1,0,0,1,1,1,1,1,1,0,0,1,1,1,1,1,6,0,1,1,1,0,1,0,0
160,701-151-005-4960-001,1,1,1,0,0,1,1,1,1,1,1,0,0,1,1,1,1,1,10,0,0,1,1,0,1,0,1
161,701-151-005-4940-001,1,1,1,0,0,1,1,1,1,1,1,0,0,1,1,1,1,1,5,0,1,1,1,0,1,0,1
162,701-151-005-4958-001,1,1,1,0,0,1,1,1,1,1,1,0,0,1,1,1,1,1,6,0,0,0,1,0,1,0,1
163,701-151-005-4974-001,1,1,1,0,0,1,1,1,1,1,1,0,0,1,1,1,1,1,6,0,1,1,1,0,1,0,1
164,701-151-005-4932-001,1,1,1,0,0,1,1,1,1,1,1,0,0,1,1,1,1,1,6,0,1,1,0,0,1,0,1
165,701-151-005-2857-001,1,1,1,0,0,1,1,1,1,1,1,0,0,1,1,1,1,1,4,2,3,1,1,0,1,0,1
166,701-151-005-2476-001,1,1,1,0,0,1,1,1,1,1,1,0,0,1,1,1,1,1,4,0,1,1,0,0,1,0,1
167,701-151-005-2477-001,1,1,1,0,0,1,1,1,1,1,1,0,0,1,1,1,1,1,5,0,0,1,0,0,1,0,1
168,701-151-005-2479-001,1,1,1,0,0,1,1,1,1,1,1,0,0,1,1,1,1,1,4,0,1,1,0,0,1,0,1
169,701-151-005-2481-001,1,1,1,0,0,1,1,1,1,1,1,0,0,1,1,1,1,1,3,0,1,1,0,0,1,0,1
170,701-151-005-2962-001,1,1,1,0,0,1,1,1,1,1,1,0,0,1,1,1,1,3,6,0,3,0,0,0,3,0,0
171,701-151-005-2513-001,1,1,1,0,0,1,1,1,1,1,1,0,0,1,1,1,1,1,2,1,2,0,1,0,1,0,0
172,701-151-005-2514-001,1,1,1,0,0,1,1,1,1,1,1,0,0,1,1,1,1,1,2,2,1,0,0,0,1,0,0
173,701-151-005-2517-001,1,1,1,0,0,1,1,1,1,1,1,0,0,1,1,1,1,1,3,0,2,0,1,0,1,0,0
174,701-151-005-2673-001,1,1,1,0,0,1,1,1,1,1,1,0,0,1,1,1,1,2,1,1,2,1,1,0,2,0,0
175,701-151-005-2848-001,1,1,1,0,0,1,1,1,1,1,1,0,0,1,1,1,1,2,3,0,2,1,1,0,2,0,1
176,701-151-005-2869-001,1,1,1,0,0,1,1,1,1,1,1,0,0,1,1,1,1,1,4,1,2,0,0,0,1,0,0
177,701-151-005-2814-001,1,1,1,0,0,1,1,1,1,1,1,0,0,1,1,1,1,1,2,0,2,0,1,0,1,0,0
178,701-151-005-3051-001,1,1,1,0,0,1,1,1,1,1,1,0,0,1,1,1,1,1,5,0,3,0,0,0,1,0,0
179,701-151-005-2859-001,1,1,1,0,0,1,1,1,1,1,1,0,0,1,1,1,1,1,2,1,2,0,1,0,1,0,0
180,701-151-005-2866-001,1,1,1,0,0,1,1,1,1,1,1,0,0,1,1,1,1,1,4,1,4,1,1,0,1,0,1
181,701-151-005-2968-001,1,1,1,0,0,1,1,0,1,1,1,0,0,1,1,1,1,1,4,0,1,1,0,0,1,0,0
182,701-151-005-2969-001,1,1,1,0,0,1,1,1,1,1,1,0,0,1,1,1,1,1,4,0,1,1,1,0,1,0,0
183,701-151-005-2973-001,1,1,1,0,0,1,1,0,1,1,1,0,0,1,1,1,1,1,5,0,1,1,0,0,1,0,0
184,701-151-005-2970-001,1,1,1,0,0,1,1,1,1,1,1,0,0,1,1,1,1,1,4,0,1,1,1,0,1,0,0
185,701-151-005-2861-001,1,1,1,0,0,1,1,1,1,1,1,0,0,1,1,1,1,3,4,1,2,0,1,0,3,0,1
186,701-151-005-2972-001,1,1,1,0,0,1,1,1,1,1,1,0,0,1,1,1,1,1,7,0,1,1,0,0,1,0,0
187,701-151-005-2971-001,1,1,1,0,0,1,1,1,1,1,1,0,0,1,1,1,1,1,5,0,1,1,1,0,1,0,0
188,701-151-005-2466-001,1,1,1,0,0,1,1,0,1,1,1,0,0,1,1,1,1,1,3,0,0,0,1,0,1,0,1
189,701-151-005-2858-001,1,1,1,0,0,1,1,1,1,1,1,0,0,1,1,1,1,1,4,2,3,0,0,0,1,0,0
190,701-151-005-2828-001,1,1,1,0,0,1,1,1,1,1,1,0,0,1,1,1,1,4,2,0,5,1,0,0,4,0,0
191,701-151-005-2949-001,1,1,1,0,0,1,1,1,1,1,1,0,0,1,1,1,1,2,4,1,2,1,1,0,2,0,0
192,701-151-005-2951-001,1,1,1,0,0,1,1,1,1,1,1,0,0,1,1,1,1,5,3,2,2,1,0,0,5,0,1
193,701-151-005-3058-001,1,1,1,0,0,1,1,1,1,1,1,0,0,1,1,1,1,2,2,2,1,1,0,0,2,0,1
194,701-151-005-3062-001,1,1,1,0,0,1,1,1,1,1,1,0,0,1,1,1,1,1,2,2,1,1,0,0,1,0,1
195,701-151-005-3064-001,1,1,1,0,0,1,1,1,1,1,1,0,0,1,1,1,1,2,4,3,2,1,1,0,2,0,1
196,701-151-005-3069-001,1,1,1,0,0,1,1,1,1,1,1,0,0,1,1,1,1,1,2,1,2,1,1,0,1,0,0
197,701-151-005-3070-001,1,1,1,0,0,1,1,1,1,1,1,0,0,1,1,1,1,1,3,1,2,1,1,0,1,0,1
198,701-151-005-3072-001,1,1,1,0,0,1,1,0,1,1,1,0,0,1,1,1,1,1,4,1,1,1,0,0,1,0,1
199,701-151-005-3077-001,1,1,1,0,0,1,1,1,1,1,1,0,0,1,1,1,1,1,2,0,1,1,1,0,1,0,1
200,701-151-005-2931-002,1,1,1,0,0,1,1,1,1,1,1,0,0,1,1,1,1,1,4,0,2,1,1,0,1,0,0
201,701-151-005-2937-001,1,1,1,0,0,1,1,1,1,1,1,0,0,1,1,1,1,2,5,1,2,1,1,0,2,0,0
202,701-151-005-2669-001,1,1,1,0,0,1,1,1,1,1,1,0,0,1,1,1,1,2,3,4,1,1,1,0,2,0,1
203,701-151-005-2700-001,1,1,1,0,0,1,1,1,1,1,1,0,0,1,1,1,1,2,4,1,1,1,1,0,2,0,0
204,701-151-005-2759-001,1,1,1,0,0,1,1,1,1,1,1,0,0,1,1,1,1,1,2,3,1,1,1,0,1,0,0
205,701-151-005-2758-001,1,1,1,0,0,1,1,1,1,1,1,0,0,1,1,1,1,3,4,0,1,1,0,0,3,0,0
206,701-151-005-2752-001,1,1,1,0,0,1,1,1,1,1,1,0,0,1,1,1,1,1,4,2,1,1,0,0,1,0,0
207,701-151-005-2757-001,1,1,1,0,0,1,1,1,1,1,1,0,0,1,1,1,1,7,3,0,3,1,1,0,7,0,0
208,701-151-005-2873-001,1,1,1,0,0,1,1,1,1,1,1,0,0,1,1,1,1,2,3,2,3,1,0,0,2,0,1
209,701-151-005-2933-001,1,1,1,0,0,1,1,1,1,1,1,0,0,1,1,1,1,5,4,13,1,1,1,0,5,0,1
210,701-151-005-2696-001-001,1,1,1,0,1,1,1,1,1,1,1,0,0,1,1,1,1,4,3,2,1,1,1,0,3,0,0
211,701-151-005-2667-001,1,1,1,0,0,1,1,1,1,1,1,0,0,1,1,1,1,1,2,2,1,0,1,0,1,0,0
212,701-151-005-2924-001,1,1,1,0,0,1,1,1,1,1,1,0,0,1,1,1,1,9,4,1,3,0,1,0,9,0,0
213,701-151-005-2760-001,1,1,1,0,0,1,1,1,1,1,1,0,0,1,1,1,1,3,3,0,1,1,1,0,3,0,0
214,701-151-005-2830-001-001,1,1,1,0,0,1,1,1,1,1,1,0,0,1,1,1,1,3,2,1,3,0,1,0,3,0,1
215,701-151-005-2778-001,1,1,1,0,0,1,1,1,1,1,1,0,0,1,1,1,1,1,3,1,1,0,1,0,1,0,1
216,701-151-005-2791-001,1,1,1,0,0,1,1,1,1,1,1,0,0,1,1,1,1,1,4,0,1,1,1,0,1,0,0
217,701-151-005-2541-001,1,1,1,0,0,1,1,1,1,1,1,0,0,1,1,1,1,3,2,1,2,1,1,0,3,0,0
218,701-151-005-2754-001,1,1,1,0,1,1,1,1,1,1,1,0,0,1,1,1,1,4,5,0,1,1,1,0,4,0,0
219,701-151-005-3068-001,1,1,1,0,0,1,1,1,1,1,1,0,0,1,1,1,1,1,4,1,1,1,1,0,1,0,0
220,701-151-005-2751-001,1,1,1,0,0,1,1,1,1,1,1,0,0,1,1,1,1,1,1,2,1,1,0,0,1,0,1
221,701-151-005-2753-001,1,1,1,0,0,1,1,1,1,1,1,0,0,1,1,1,1,3,3,2,1,1,1,0,3,0,0
222,701-151-005-2761-001,1,1,1,0,0,1,1,0,1,1,1,0,0,1,1,1,1,1,4,0,1,1,0,0,1,0,1
223,701-151-005-2532-011,1,1,1,0,0,1,1,1,1,1,1,0,0,1,1,1,1,4,6,0,1,1,1,0,4,0,0
224,701-151-005-4996-001,1,1,1,0,0,1,1,1,1,1,1,0,0,1,1,1,1,1,5,0,0,1,0,0,1,0,1
225,701-151-005-2835-001,1,1,1,0,0,1,1,1,1,1,1,0,0,1,1,1,1,1,2,0,3,1,0,0,1,0,1
226,701-151-005-4925-001,1,1,1,0,0,1,1,1,1,1,1,0,0,1,1,1,1,1,7,0,0,1,1,0,1,0,1
227,701-151-005-4926-001,1,1,1,0,0,1,1,1,1,1,1,0,0,1,1,1,1,1,6,0,0,1,1,0,1,0,1
228,701-151-005-4961-001,1,1,1,0,0,1,1,1,1,1,1,0,0,1,1,1,1,1,6,0,0,1,0,0,1,0,1
229,701-151-005-4972-001,1,1,1,0,0,1,1,1,1,1,1,0,0,1,1,1,1,1,6,0,0,1,1,0,1,0,0
230,701-151-005-4995-001,1,1,1,0,0,1,1,1,1,1,1,0,0,1,1,1,1,1,8,0,0,1,0,0,1,0,1
231,701-151-005-4948-001,1,1,1,0,0,1,1,1,1,1,1,0,0,1,1,1,1,1,8,0,1,1,1,0,1,0,1
232,701-151-005-4941-001,1,1,1,0,0,1,1,1,1,1,1,0,0,1,1,1,1,1,5,0,0,2,0,0,1,0,1
233,701-151-005-4965-001,1,1,1,0,0,1,1,0,1,1,1,0,0,1,1,1,1,1,7,0,0,1,0,0,1,0,1
234,701-151-005-4962-001,1,1,1,0,0,1,1,1,1,1,1,0,0,1,1,1,1,1,7,0,1,1,1,0,1,0,1
235,701-151-005-4981-001,1,1,1,0,0,1,1,1,1,1,1,0,0,1,1,1,1,1,8,0,0,1,1,0,1,0,1
236,701-151-005-4998-001,1,1,1,0,0,1,1,1,1,1,1,0,0,1,1,1,1,1,7,0,0,0,0,0,1,0,1
237,701-151-005-2867-001,1,1,1,0,0,1,1,1,1,1,1,0,0,1,1,1,1,3,3,1,3,0,1,0,3,0,0
238,701-151-005-2961-001,1,1,1,0,0,1,1,0,1,1,1,0,0,1,1,1,1,1,3,0,2,1,0,0,1,0,0
239,701-151-005-2940-001,1,1,1,0,0,1,1,1,1,1,1,0,0,1,1,1,1,1,3,0,3,1,1,0,1,0,0
240,701-151-005-4933-001,1,1,1,0,0,1,1,1,1,1,1,0,0,1,1,1,1,1,6,0,0,2,1,0,1,0,1
241,701-151-005-4928-001,1,1,1,0,0,1,1,1,1,1,1,0,0,1,1,1,1,1,6,0,1,1,0,0,1,0,1
242,701-151-005-4957-001,1,1,1,0,0,1,1,1,1,1,1,0,0,1,1,1,1,1,6,0,0,1,1,0,1,0,1
243,701-151-005-2695-001,1,1,1,0,0,1,1,1,1,1,1,0,0,1,1,1,1,2,4,3,1,1,0,0,2,0,1
244,701-151-005-2678-001,1,1,1,0,0,1,1,1,1,1,1,0,0,1,1,1,1,2,4,1,1,1,1,0,2,0,0
245,701-151-005-2681-001,1,1,1,0,0,1,1,1,1,1,1,0,0,1,1,1,1,1,2,1,2,1,1,0,1,0,0
246,701-151-005-2762-001,1,1,1,0,0,1,1,1,1,1,1,0,0,1,1,1,1,5,3,0,1,1,1,0,5,0,0
247,701-151-005-2963-001,1,1,1,0,0,1,1,1,1,1,1,0,0,1,1,1,1,5,5,0,2,0,1,0,5,0,0
248,701-151-005-2921-001,1,1,1,0,0,1,1,1,1,1,1,0,0,1,1,1,1,2,3,4,1,1,1,0,2,0,0
249,701-151-005-2665-001,1,1,1,0,0,1,1,1,1,1,1,0,0,1,1,1,1,1,4,2,2,0,0,0,1,0,1
250,701-151-005-2919-001,1,1,1,0,0,1,1,1,1,1,1,0,0,1,1,1,1,5,3,3,2,1,1,0,5,0,0
251,701-151-005-3074-001,1,1,1,0,0,1,1,1,1,1,1,0,0,1,1,1,1,3,4,0,1,1,1,0,3,0,1
252,701-151-005-2918-001,1,1,1,0,0,1,1,1,1,1,1,0,0,1,1,1,1,3,5,1,2,1,1,0,3,0,0
253,701-151-005-3090-001,1,1,1,0,0,1,1,1,1,1,1,0,0,1,1,1,1,5,3,0,1,2,1,0,5,0,1
254,701-151-005-3091-001,1,1,1,0,0,1,1,1,1,1,1,0,0,1,1,1,1,1,2,5,1,1,1,0,1,0,0
255,701-151-005-2925-001,1,1,1,0,0,1,1,1,1,1,1,0,0,1,1,1,1,2,6,1,2,0,1,0,2,0,0
256,701-151-005-2920-001,1,1,1,0,0,1,1,1,1,1,1,0,0,1,1,1,1,1,2,2,3,1,1,0,1,0,1
257,701-151-005-3083-001,1,1,1,0,0,1,1,1,1,1,1,0,0,1,1,1,1,1,6,0,1,1,1,0,1,0,1
258,701-151-005-2870-001,1,1,1,0,0,1,1,1,1,1,1,0,0,1,1,1,1,1,3,1,2,1,0,0,1,0,0
259,701-151-005-2673-001,1,1,1,0,0,1,1,1,1,1,1,0,0,1,1,1,1,2,3,1,1,1,1,0,2,0,0
260,701-151-005-2694-001,1,1,1,0,0,1,1,1,1,1,1,0,0,1,1,1,1,4,4,4,1,1,1,0,4,0,1
261,701-151-005-2938-001,1,1,1,0,0,1,1,1,1,1,1,0,0,1,1,1,1,3,6,0,2,1,1,0,3,0,0
262,701-151-005-2947-001,1,1,1,0,0,1,1,0,1,1,1,0,0,1,1,1,1,1,3,2,2,0,0,0,1,0,1
263,701-151-005-3082-001,1,1,1,0,0,1,1,1,1,1,1,0,0,1,1,1,1,2,5,0,0,1,0,0,2,0,0
264,701-151-005-3061-001,1,1,1,0,0,1,1,1,1,1,1,0,0,1,1,1,1,1,3,2,1,1,1,0,1,0,0
265,701-151-005-3079-001,1,1,1,0,0,1,1,1,1,1,1,0,0,1,1,1,1,1,4,0,1,1,0,0,1,0,1
266,701-151-005-4875-001,1,1,1,0,0,1,1,1,1,1,1,0,0,1,1,1,1,1,4,1,1,1,1,0,1,0,1
267,701-151-005-4884-001,1,1,1,0,0,1,1,1,1,1,1,0,0,1,1,1,1,1,3,4,2,1,1,0,1,0,1
268,701-151-005-2768-001,1,1,1,0,0,1,1,1,1,1,1,0,0,1,1,1,1,1,6,0,1,1,1,0,1,0,0
269,701-151-005-2840-001,1,1,1,0,0,1,1,1,1,1,1,0,0,1,1,1,1,1,2,0,2,1,0,0,1,0,0
270,701-151-005-2756-001,1,1,1,0,0,1,1,1,1,1,1,0,0,1,1,1,1,1,4,0,1,0,1,0,1,0,0
271,701-151-005-2769-001,1,1,1,0,0,1,1,0,1,1,1,0,0,1,1,1,1,4,5,0,1,1,0,0,4,0,0
272,701-151-005-2770-001,1,1,1,0,0,1,1,0,1,1,1,0,0,1,1,1,1,1,5,0,1,1,0,0,1,0,0
273,701-151-005-2775-001,1,1,1,0,0,1,1,1,1,1,1,0,0,1,1,1,1,1,1,1,1,1,1,0,1,0,1
274,701-151-005-2916-001,1,1,1,0,0,1,1,1,1,1,1,0,0,1,1,1,1,2,5,1,2,1,1,0,2,0,0
275,701-151-005-4883-001,1,1,1,0,0,1,1,1,1,1,1,0,0,1,1,1,1,1,6,1,1,1,1,0,1,0,1
276,701-151-005-2693-001,1,1,1,0,0,1,1,1,1,1,1,0,0,1,1,1,1,6,4,1,1,1,0,0,6,0,0
277,701-151-005-2764-001,1,1,1,0,0,1,1,1,1,1,1,0,0,1,1,1,1,2,3,0,1,1,1,0,2,0,0
278,701-151-005-2521-001,1,1,1,0,0,1,1,1,1,1,1,0,0,1,1,1,1,4,6,0,1,1,1,0,4,0,0
279,701-151-005-2521-007,1,1,1,0,0,1,1,1,1,1,1,0,0,1,1,1,1,3,6,0,1,1,1,0,3,0,0
280,701-151-005-2544-014,1,1,1,0,0,1,1,1,1,1,1,0,0,1,1,1,1,2,7,3,1,1,1,0,2,0,1
281,701-151-005-2544-005,1,1,1,0,0,1,1,1,1,1,1,0,0,1,1,1,1,4,6,3,1,1,0,0,4,0,1
282,701-151-005-2544-006,1,1,1,0,0,1,1,1,1,1,1,0,0,1,1,1,1,3,8,3,1,1,1,0,3,0,1
283,701-151-005-2468-001,1,1,1,0,0,1,1,1,1,1,1,0,0,1,1,1,1,6,6,0,1,0,1,0,6,0,1
284,701-151-005-2493-001,1,1,1,0,0,1,1,1,1,1,1,0,0,1,1,1,1,6,9,0,1,1,1,0,6,0,1
285,701-151-005-2495-001,1,1,1,0,0,1,1,1,1,1,1,0,0,1,1,1,1,5,4,0,1,1,1,0,5,0,1
286,701-151-005-2506-001,1,1,1,0,0,1,1,1,1,1,1,0,0,1,1,1,1,4,5,1,1,1,1,0,4,0,1
287,701-151-005-2516-027,1,1,1,0,0,1,1,1,1,1,1,0,0,1,1,1,1,5,4,0,2,0,1,0,5,0,0
288,701-151-005-2516-030,1,1,1,0,0,1,1,1,1,1,1,0,0,1,1,1,1,5,6,0,2,0,1,0,5,0,0
289,701-151-005-2516-029,1,1,1,0,0,1,1,1,1,1,1,0,0,1,1,1,1,5,6,0,2,1,1,0,5,0,1
290,701-151-005-2516-031,1,1,1,0,0,1,1,1,1,1,1,0,0,1,1,1,1,3,7,0,2,1,1,0,3,0,1
291,701-151-005-2516-001,1,1,1,0,0,1,1,1,1,1,1,0,0,1,1,1,1,6,4,0,2,0,1,0,6,0,1
292,701-151-005-2516-008,1,1,1,0,0,1,1,1,1,1,1,0,0,1,1,1,1,5,4,0,2,1,1,0,6,0,1
293,701-151-005-2516-010,1,1,1,0,0,1,1,1,1,1,1,0,0,1,1,1,1,5,5,0,2,1,1,0,5,0,1
294,701-151-005-2516-017,1,1,1,0,0,1,1,1,1,1,1,0,0,1,1,1,1,4,6,0,2,1,1,0,4,0,1
295,701-151-005-2522-001,1,1,1,0,0,1,1,1,1,1,1,0,0,1,1,1,1,4,6,0,1,1,1,0,4,0,0
296,701-151-005-2526-007,1,1,1,0,0,1,1,1,1,1,1,0,0,1,1,1,1,4,10,0,1,1,1,0,4,0,0
297,701-151-005-2526-001,1,1,1,0,0,1,1,1,1,1,1,0,0,1,1,1,1,2,8,0,1,1,1,0,2,0,0
298,701-151-005-2526-002,1,1,1,0,0,1,1,1,1,1,1,0,0,1,1,1,1,5,8,0,1,1,1,0,5,0,0
299,701-151-005-2526-012,1,1,1,0,0,1,1,1,1,1,1,0,0,1,1,1,1,2,6,0,1,1,1,0,2,0,0
300,701-151-005-2520-001,1,1,1,0,0,1,1,1,1,1,1,0,0,1,1,1,1,4,5,0,1,1,1,0,4,0,0
301,701-151-005-2520-002,1,1,1,0,0,1,1,1,1,1,1,0,0,1,1,1,1,3,6,0,1,1,1,0,3,0,0
302,701-151-005-2520-008,1,1,1,0,0,1,1,1,1,1,1,0,0,1,1,1,1,4,3,0,1,1,1,0,4,0,0
303,701-151-005-2520-006,1,1,1,0,0,1,1,1,1,1,1,0,0,1,1,1,1,4,6,0,1,1,1,0,4,0,0
304,701-151-005-2529-001,1,1,1,0,0,1,1,1,1,1,1,0,0,1,1,1,1,5,6,0,1,1,0,0,5,0,0
305,701-151-005-2544-004,1,1,1,0,0,1,1,1,1,1,1,0,0,1,1,1,1,5,11,3,1,1,1,0,5,0,1
306,701-151-005-2496-001,1,1,1,0,0,1,1,1,1,1,1,0,0,1,1,1,1,1,4,0,1,1,0,0,1,0,0
307,701-151-005-2539-001,1,1,1,0,0,1,1,1,1,1,1,0,0,1,1,1,1,3,8,1,1,1,1,0,3,0,0
308,701-151-005-2537-001,1,1,1,0,0,1,1,1,1,1,1,0,0,1,1,1,1,1,5,1,1,1,1,0,1,0,0
309,701-151-005-2525-011,1,1,1,0,0,1,1,1,1,1,1,0,0,1,1,1,1,2,6,0,1,1,1,0,2,0,0
310,701-151-005-2528-014,1,1,1,0,0,1,1,1,1,1,1,0,0,1,1,1,1,1,2,0,1,1,1,0,1,0,0
311,701-151-005-2528-005,1,1,1,0,0,1,1,1,1,1,1,0,0,1,1,1,1,3,4,0,1,1,1,0,3,0,0
312,701-151-005-2566-001,1,1,1,0,0,1,1,1,1,1,1,0,0,1,1,1,1,1,5,0,1,1,1,0,1,0,0
313,701-151-005-2564-001,1,1,1,0,0,1,1,1,1,1,1,0,0,1,1,1,1,1,7,0,1,1,1,0,1,0,0
314,701-151-005-2563-001,1,1,1,0,0,1,1,1,1,1,1,0,0,1,1,1,1,3,7,0,1,1,1,0,3,0,0
315,701-151-005-2560-001,1,1,1,0,0,1,1,1,1,1,1,0,0,1,1,1,1,1,5,0,1,1,1,0,1,0,0
316,701-151-005-2559-001,1,1,1,0,0,1,1,0,1,1,1,0,0,1,1,1,1,1,5,0,1,1,1,0,1,0,0
317,701-151-005-2558-001,1,1,1,0,0,1,1,1,1,1,1,0,0,1,1,1,1,1,5,0,1,1,1,0,1,0,0
318,701-151-005-2556-001,1,1,1,0,0,1,1,1,1,1,1,0,0,1,1,1,1,1,5,0,1,1,0,0,1,0,0
319,701-151-005-2525-001,1,1,1,0,0,1,1,1,1,1,1,0,0,1,1,1,1,2,4,0,1,1,1,0,2,0,0
320,701-151-005-2525-005,1,1,1,0,0,1,1,1,1,1,1,0,0,1,1,1,1,2,6,0,1,1,1,0,2,0,0
321,701-151-005-2525-004,1,1,1,1,0,1,1,1,1,1,1,0,0,1,1,1,1,3,5,0,1,1,1,0,3,0,0
322,701-151-005-2525-003,1,1,1,0,0,1,1,1,1,1,1,0,0,1,1,1,1,3,6,0,2,0,1,0,3,0,0
323,701-151-005-2952-009,1,1,1,0,0,1,1,1,1,1,1,0,0,1,1,1,1,4,5,4,1,1,0,0,4,0,1
324,701-151-005-2952-003,1,1,1,0,0,1,1,1,1,1,1,0,0,1,1,1,1,5,2,5,1,1,0,0,5,0,1
325,701-151-005-2952-007,1,1,1,0,0,1,1,1,1,1,1,0,0,1,1,1,1,3,4,2,1,1,0,0,3,0,1
326,701-151-005-2544-012,1,1,1,0,0,1,1,1,1,1,1,0,0,1,1,1,1,2,8,3,1,1,1,0,2,0,1
327,701-151-005-2544-016,1,1,1,0,0,1,1,1,1,1,1,0,0,1,1,1,1,4,7,3,1,1,1,0,4,0,1
328,701-151-005-2544-001,1,1,1,0,0,1,1,1,1,1,1,0,0,1,1,1,1,3,5,2,1,1,1,0,3,0,1
329,701-151-005-2528-010,1,1,1,0,0,1,1,1,1,1,1,0,0,1,1,1,1,3,4,0,1,1,1,0,3,0,0
330,701-151-005-2528-006,1,1,1,0,0,1,1,1,1,1,1,0,0,1,1,1,1,1,5,0,1,1,1,0,1,0,0
331,701-151-005-2528-007,1,1,1,0,0,1,1,1,1,1,1,0,0,1,1,1,1,3,5,0,1,1,1,0,3,0,0
332,701-151-005-2528-001,1,1,1,0,0,1,1,0,1,1,1,0,0,1,1,1,1,1,6,0,1,1,1,0,1,0,0
333,701-151-005-2524-018,1,1,1,0,0,1,1,1,1,1,1,0,0,1,1,1,1,3,5,0,1,1,1,0,3,0,0
334,701-151-005-2524-017,1,1,1,0,0,1,1,1,1,1,1,0,0,1,1,1,1,2,6,0,1,1,1,0,2,0,0
335,701-151-005-2565-001,1,1,1,0,0,1,1,1,1,1,1,0,0,1,1,1,1,1,6,0,1,1,1,0,1,0,0
336,701-151-005-2562-001,1,1,1,0,0,1,1,1,1,1,1,0,0,1,1,1,1,1,8,0,1,1,1,0,1,0,0
337,701-151-005-2561-001,1,1,1,0,0,1,1,1,1,1,1,0,0,1,1,1,1,3,7,0,1,1,1,0,3,0,0
338,701-151-005-2555-001,1,1,1,0,0,1,1,1,1,1,1,0,0,1,1,1,1,1,7,0,1,1,1,0,1,0,0
339,701-151-005-2554-001,1,1,1,0,0,1,1,1,1,1,1,0,0,1,1,1,1,1,6,0,1,1,0,0,1,0,0
340,701-151-005-2532-003,1,1,1,0,0,1,1,1,1,1,1,0,0,1,1,1,1,4,7,0,2,1,1,0,4,0,0
341,701-151-005-2532-002,1,1,1,0,0,1,1,1,1,1,1,0,0,1,1,1,1,3,5,0,1,1,0,0,3,0,0
342,701-151-005-2532-010,1,1,1,0,0,1,1,1,1,1,1,0,0,1,1,1,1,4,5,0,1,1,1,0,4,0,0
343,701-151-005-2524-010,1,1,1,0,0,1,1,1,1,1,1,0,0,1,1,1,1,2,6,0,1,1,1,0,2,0,0
344,701-151-005-2524-004,1,1,1,0,0,1,1,1,1,1,1,0,0,1,1,1,1,2,6,0,1,1,1,0,2,0,0
345,701-151-005-2524-002,1,1,1,0,0,1,1,1,1,1,1,0,0,1,1,1,1,2,7,0,1,1,1,0,2,0,0
346,701-151-005-2524-001,1,1,1,0,0,1,1,1,1,1,1,0,0,1,1,1,1,5,6,0,1,1,1,0,5,0,0
347,701-151-005-2524-005,1,1,1,0,0,1,1,1,1,1,1,0,0,1,1,1,1,4,7,0,1,1,1,0,4,0,0
348,701-151-005-2524-006,1,1,1,0,0,1,1,1,1,1,1,0,0,1,1,1,1,4,6,0,1,1,1,0,4,0,0
349,701-151-005-2831-001,1,1,1,0,1,1,1,1,1,1,1,0,0,1,1,1,1,2,2,1,3,0,1,0,2,0,1
350,701-151-005-2532-001,1,1,1,0,0,1,1,1,1,1,1,0,0,1,1,1,1,4,6,0,1,1,2,0,4,0,0
351,701-151-005-2776-001,1,1,1,0,0,1,1,0,1,1,1,0,0,1,1,1,1,4,5,0,1,1,1,0,4,0,1
352,701-151-005-2776-004,1,1,1,0,0,1,1,1,1,1,1,0,0,1,1,1,1,4,4,1,1,1,1,0,4,0,1
353,701-151-005-3050-002,1,1,1,0,0,1,1,1,1,1,1,0,0,1,1,1,1,4,4,0,1,1,1,0,4,0,0
354,701-151-005-3050-006,1,1,1,0,0,1,1,1,1,1,1,0,0,1,1,1,1,6,3,3,1,1,0,0,6,0,0
355,701-151-005-3050-001,1,1,1,0,0,1,1,1,1,1,1,0,0,1,1,1,1,3,5,0,1,1,1,0,3,0,0
356,701-151-005-3053-001,1,1,1,0,0,1,1,1,1,1,1,0,0,1,1,1,1,4,4,0,1,1,1,0,4,0,0
357,701-151-005-2967-001,1,1,1,0,0,1,1,1,1,1,1,0,0,1,1,1,1,5,5,1,2,1,1,0,5,0,0
358,701-151-005-3098-001,1,1,1,0,0,1,1,1,1,1,1,0,0,1,1,1,1,1,5,0,1,1,1,0,1,0,1
359,701-151-005-2899-001,1,1,1,0,0,1,1,1,1,1,1,0,0,1,1,1,1,3,4,0,1,0,1,0,3,0,0
360,701-151-005-2900-001,1,1,1,0,0,1,1,1,1,1,1,0,0,1,1,1,1,2,5,0,1,0,1,0,2,0,0
361,701-151-005-3096-001,1,1,1,0,0,1,1,1,1,1,1,0,0,1,1,1,1,2,3,0,1,1,1,0,2,0,1
362,701-151-005-2707-001,1,1,1,0,0,1,1,1,1,1,1,0,0,1,1,1,1,1,5,0,1,1,0,0,1,0,0
363,701-151-005-2708-001,1,1,1,0,0,1,1,0,1,1,1,0,0,1,1,1,1,1,5,0,1,1,1,0,1,0,0
364,701-151-005-2715-001,1,1,1,0,0,1,1,1,1,1,1,0,0,1,1,1,1,1,5,0,1,1,1,0,1,0,0
365,701-151-005-2719-001,1,1,1,0,0,1,1,1,1,1,1,0,0,1,1,1,1,1,7,0,1,1,0,0,1,0,0
366,701-151-005-2491-001,1,1,1,0,0,1,1,1,1,1,1,0,0,1,1,1,1,3,5,0,1,1,0,0,3,0,0
367,701-151-005-2478-001,1,1,1,0,0,1,1,1,1,1,1,0,0,1,1,1,1,1,8,0,0,1,1,0,1,0,1
368,701-151-005-2482-001,1,1,1,0,0,1,1,1,1,1,1,0,0,1,1,1,1,1,6,0,0,1,0,0,1,0,0
369,701-151-005-2467-001,1,1,1,0,0,1,1,1,1,1,1,0,0,1,1,1,1,2,7,0,1,1,1,0,2,0,1
370,701-151-005-4942-001,1,1,1,0,0,1,1,1,1,1,1,0,0,1,1,1,1,1,4,0,0,1,1,0,1,0,1
371,701-151-005-2473-001,1,1,1,0,0,1,1,1,1,1,1,0,0,1,1,1,1,1,4,0,0,1,1,0,1,0,0
372,701-151-005-2463-001,1,1,1,0,0,1,1,1,1,1,1,0,0,1,1,1,1,2,4,0,2,1,1,0,2,0,1
373,701-151-005-2470-001,1,1,1,0,0,1,1,1,1,1,1,0,0,1,1,1,1,1,6,0,0,1,1,0,1,0,1
374,701-151-005-2527-001,1,1,1,0,0,1,1,1,1,1,1,0,0,1,1,1,1,5,6,0,1,1,1,0,5,0,0
375,701-151-005-2492-001,1,1,1,0,0,1,1,1,1,1,1,0,0,1,1,1,1,3,7,0,2,0,0,0,3,0,1
376,701-151-005-2535-001,1,1,1,0,0,1,1,1,1,1,1,0,0,1,1,1,1,4,9,3,1,0,1,0,4,0,1
377,701-151-005-2518-001,1,1,1,0,0,1,1,1,1,1,1,0,0,1,1,1,1,1,5,0,1,0,1,0,1,0,0
378,701-151-005-2755-008,1,1,1,0,0,1,1,1,1,1,1,0,0,1,1,1,1,4,9,0,0,1,1,0,4,0,0
379,701-151-005-2533-016,1,1,1,0,0,1,1,1,1,1,1,0,0,1,1,1,1,2,8,0,1,1,1,0,2,0,0
380,701-151-005-2952-001,1,1,1,0,0,1,1,1,1,1,1,0,0,1,1,1,1,3,4,8,1,1,0,0,3,0,1
381,701-151-005-2711-001,1,1,1,0,0,1,1,0,1,1,1,0,0,1,1,1,1,1,6,0,1,1,1,0,1,0,0
382,701-151-005-2712-001,1,1,1,0,0,1,1,1,1,1,1,0,0,1,1,1,1,1,5,0,1,1,1,0,1,0,0
383,701-151-005-2713-001,1,1,1,0,0,1,1,1,1,1,1,0,0,1,1,1,1,1,5,0,1,1,1,0,1,0,0
384,701-151-005-2714-001,1,1,1,0,0,1,1,1,1,1,1,0,0,1,1,1,1,1,4,0,1,1,0,0,1,0,0
385,701-151-005-2716-001,1,1,1,0,0,1,1,0,1,1,1,0,0,1,1,1,1,1,4,0,1,1,0,0,1,0,0
386,701-151-005-2717-001,1,1,1,0,0,1,1,1,1,1,1,0,0,1,1,1,1,1,6,0,1,1,0,0,1,0,0
387,701-151-005-2718-001,1,1,1,0,0,1,1,1,1,1,1,0,0,1,1,1,1,1,6,0,1,1,1,0,1,0,0
388,701-151-005-2720-001,1,1,1,0,0,1,1,1,1,1,1,0,0,1,1,1,1,1,4,0,2,1,0,0,1,0,0
389,701-151-005-2721-001,1,1,1,0,0,1,1,1,1,1,1,0,0,1,1,1,1,1,5,0,1,1,1,0,1,0,0
390,701-151-005-2722-001,1,1,1,0,0,1,1,1,1,1,1,0,0,1,1,1,1,1,7,0,1,1,1,0,1,0,0
391,701-151-005-2723-001,1,1,1,0,0,1,1,1,1,1,1,0,0,1,1,1,1,1,6,0,1,1,1,0,1,0,0
392,701-151-005-2533-011,1,1,1,0,0,1,1,1,1,1,1,0,0,1,1,1,1,3,7,0,1,1,1,0,3,0,0
393,701-151-005-2724-001,1,1,1,0,0,1,1,1,1,1,1,0,0,1,1,1,1,1,6,0,1,1,0,0,1,0,0
394,701-151-005-2709-001,1,1,1,0,0,1,1,1,1,1,1,0,0,1,1,1,1,1,4,0,1,1,0,0,1,0,0
395,701-151-005-2710-001,1,1,1,0,0,1,1,1,1,1,1,0,0,1,1,1,1,1,6,0,1,1,1,0,1,0,0
396,701-151-005-2544-009,1,1,1,0,0,1,1,1,1,1,1,0,0,1,1,1,1,2,7,3,1,1,1,0,2,0,1
397,701-151-005-2544-028,1,1,1,0,0,1,1,1,1,1,1,0,0,1,1,1,1,1,7,0,1,1,1,0,1,0,1
398,701-151-005-2490-001,1,1,1,0,0,1,1,1,1,1,1,0,0,1,1,1,1,3,8,2,1,1,1,0,3,0,0
399,701-151-005-2725-001,1,1,1,0,0,1,1,1,1,1,1,0,0,1,1,1,1,1,8,0,2,1,0,0,1,0,0
400,701-151-005-2726-001,1,1,1,0,0,1,1,1,1,1,1,0,0,1,1,1,1,1,6,0,1,1,1,0,1,0,0
401,701-151-005-2727-001,1,1,1,0,0,1,1,1,1,1,1,0,0,1,1,1,1,1,7,0,1,1,1,0,1,0,0
402,701-151-005-2728-001,1,1,1,0,0,1,1,1,1,1,1,0,0,1,1,1,1,1,6,0,1,1,1,0,1,0,0
403,701-151-005-2533-012,1,1,1,0,0,1,1,1,1,1,1,0,0,1,1,1,1,3,6,0,1,1,1,0,3,0,0
404,701-151-005-2533-002,1,1,1,0,0,1,1,1,1,1,1,0,0,1,1,1,1,3,7,0,1,1,1,0,3,0,0
405,701-151-005-2519-001,1,1,1,0,0,1,1,1,1,1,1,0,0,1,1,1,1,1,3,0,3,0,1,0,1,0,1
406,701-151-005-2534-001,1,1,1,0,0,1,1,0,1,1,1,0,0,1,1,1,1,1,5,1,1,1,1,0,1,0,1
407,701-151-005-2540-001,1,1,1,0,0,1,1,1,1,1,1,0,0,1,1,1,1,3,6,1,3,1,1,0,3,0,0
408,701-151-005-2511-001,1,1,1,0,0,1,1,1,1,1,1,0,0,1,1,1,1,4,7,3,2,1,1,0,4,0,0
409,701-151-005-2508-001,1,1,1,0,0,1,1,1,1,1,1,0,0,1,1,1,1,2,5,0,1,1,0,0,2,0,1
410,701-151-005-4997-001,1,1,1,0,0,1,1,0,1,1,1,0,0,1,1,1,1,1,7,0,0,1,0,0,1,0,1
411,701-151-005-2507-001,1,1,1,0,0,1,1,1,1,1,1,0,0,1,1,1,1,1,4,1,1,1,1,0,1,0,1
412,701-151-005-2504-001,1,1,1,0,0,1,1,1,1,1,1,0,0,1,1,1,1,2,6,0,1,1,1,0,2,0,0
413,701-151-005-2497-001,1,1,1,0,0,1,1,1,1,1,1,0,0,1,1,1,1,1,4,0,1,1,1,0,1,0,0
414,701-151-005-2502-001,1,1,1,0,0,1,1,0,1,1,1,0,0,1,1,1,1,1,5,0,2,1,1,0,1,0,0
415,701-151-005-2755-001,1,1,1,0,0,1,1,1,1,1,1,0,0,1,1,1,1,4,8,0,1,1,1,0,4,0,0
416,701-151-005-2755-006,1,1,1,0,0,1,1,1,1,1,1,0,0,1,1,1,1,3,6,0,0,1,0,0,3,0,0
417,701-151-005-2755-016,1,1,1,0,0,1,1,1,1,1,1,0,0,1,1,1,1,2,6,0,0,1,1,0,2,0,0
418,701-151-005-2755-004,1,1,1,0,0,1,1,1,1,1,1,0,0,1,1,1,1,3,7,0,0,1,1,0,3,0,0
419,701-151-005-2755-015,1,1,1,0,0,1,1,1,1,1,1,0,0,1,1,1,1,5,6,0,1,1,1,0,5,0,0
420,701-151-005-2533-004,1,1,1,0,0,1,1,1,1,1,1,0,0,1,1,1,1,4,6,0,1,1,1,0,4,0,0
421,701-151-005-2533-001,1,1,1,0,0,1,1,1,1,1,1,0,0,1,1,1,1,3,7,0,1,1,1,0,3,0,0
422,701-151-005-2533-035,1,1,1,0,0,1,1,1,1,1,1,0,0,1,1,1,1,4,8,0,1,1,1,0,4,0,0
423,701-151-005-2533-020,1,1,1,0,0,1,1,1,1,1,1,0,0,1,1,1,1,2,7,0,1,1,1,0,2,0,0
424,701-151-005-2533-019,1,1,1,0,0,1,1,1,1,1,1,0,0,1,1,1,1,3,7,1,1,1,1,0,3,0,0
425,701-151-005-2533-039,1,1,1,0,0,1,1,1,1,1,1,0,0,1,1,1,1,3,8,0,2,1,1,0,3,0,0
426,701-151-005-2533-021,1,1,1,0,0,1,1,1,1,1,1,0,0,1,1,1,1,3,6,0,1,1,1,0,3,0,0
427,701-151-005-2533-024,1,1,1,0,0,1,1,1,1,1,1,0,0,1,1,1,1,5,9,0,1,1,1,0,5,0,0
428,701-151-005-2533-030,1,1,1,0,0,1,1,1,1,1,1,0,0,1,1,1,1,3,9,0,2,1,1,0,3,0,0
429,701-151-005-2729-001,1,1,1,0,0,1,1,1,1,1,1,0,0,1,1,1,1,1,6,0,1,1,0,0,1,0,0
430,701-151-005-2730-001,1,1,1,0,0,1,1,1,1,1,1,0,0,1,1,1,1,1,4,0,1,1,1,0,1,0,0
431,701-151-005-2755-018,1,1,1,0,0,1,1,1,1,1,1,0,0,1,1,1,1,2,7,0,1,1,1,0,2,0,0
432,701-151-005-2823-001,1,1,1,0,0,1,1,1,1,1,1,0,0,1,1,1,1,1,5,0,1,0,1,0,1,0,0
433,701-151-005-3504-001,1,1,1,0,0,1,1,0,1,1,1,0,0,1,1,1,1,4,3,0,1,3,0,0,4,0,1
434,701-151-005-2826-001,1,1,1,0,0,1,1,1,1,1,1,0,0,1,1,1,1,1,4,1,1,1,1,0,1,0,0
435,701-151-005-3535-001,1,1,1,0,0,1,1,1,1,1,1,0,0,1,1,1,1,1,0,2,1,1,0,0,1,0,1
436,701-151-005-3531-001,1,1,1,0,0,1,1,1,1,1,1,0,0,1,1,1,1,6,1,3,0,1,0,0,6,0,1
437,701-151-005-3536-001,1,1,1,0,0,1,1,1,1,1,1,0,0,1,1,1,1,1,4,1,1,1,0,0,1,0,0
438,701-151-005-3514-001,1,1,1,0,0,1,1,1,1,1,1,0,0,1,1,1,1,4,3,9,1,1,0,0,4,0,1
439,701-151-005-3538-001,1,1,1,0,0,1,1,1,1,1,1,0,0,1,1,1,1,1,4,0,1,1,0,0,1,0,0
440,701-151-005-3513-001,1,1,1,0,0,1,1,0,1,1,1,0,0,1,1,1,1,1,3,0,1,1,0,0,1,0,1
441,701-151-005-3541-002,1,1,1,0,0,1,1,1,1,1,1,0,0,1,1,1,1,7,4,3,1,1,0,0,7,0,1
442,701-151-005-2875-001,1,1,1,0,0,1,1,1,1,1,1,0,0,1,1,1,1,1,5,0,2,0,0,1,1,0,0
443,701-151-005-3503-001,1,1,1,1,0,1,1,0,1,1,1,0,0,1,1,1,1,4,3,0,1,1,0,0,4,0,0
444,701-151-005-2815-001,1,1,1,0,0,1,1,1,1,1,1,0,0,1,1,1,1,1,3,0,1,0,1,0,1,0,0
445,701-151-005-3534-001,1,1,1,0,0,1,1,1,1,1,1,0,0,1,1,1,1,4,4,2,1,1,0,0,8,0,0
446,701-151-005-2623-001,1,1,1,0,0,1,1,1,1,1,1,0,0,1,1,1,1,1,4,0,1,0,1,0,1,0,0
447,701-151-005-2932-001,1,1,1,0,0,1,1,1,1,1,1,0,0,1,1,1,1,2,4,0,2,0,1,0,2,0,0
448,701-151-005-2941-001,1,1,1,0,0,1,1,1,1,1,1,0,0,1,1,1,1,1,3,0,3,1,1,0,1,0,1
449,701-151-005-2824-001,1,1,1,0,0,1,1,1,1,1,1,0,0,1,1,1,1,1,5,0,1,1,1,0,1,0,0
450,701-151-005-2825-001,1,1,1,0,0,1,1,1,1,1,1,0,0,1,1,1,1,1,5,0,2,1,0,0,1,0,0
451,701-151-005-3512-001,1,1,1,0,0,1,1,0,1,1,1,0,0,1,1,1,1,1,4,2,1,1,0,0,1,0,1
452,701-151-005-3515-001,1,1,1,0,0,1,1,0,1,1,1,0,0,1,1,1,1,1,3,0,1,1,0,0,1,0,1
453,701-151-005-3537-001,1,1,1,0,0,1,1,1,1,1,1,0,0,1,1,1,1,4,4,1,1,1,0,0,4,0,1
454,701-151-005-3516-001,1,1,1,0,0,1,1,0,1,1,1,0,0,1,1,1,1,1,3,1,1,1,0,0,1,0,0
455,701-151-005-3518-001,1,1,1,0,0,1,1,0,1,1,1,0,0,1,1,1,1,1,4,0,1,1,0,0,1,0,0
456,701-151-005-3519-001,1,1,1,0,0,1,1,1,1,1,1,0,0,1,1,1,1,3,5,2,1,1,0,0,3,0,0
457,701-151-005-3520-001,1,1,1,0,0,1,1,1,1,1,1,0,0,1,1,1,1,1,5,0,1,1,0,0,1,0,0
458,701-151-005-3521-001,1,1,1,0,0,1,1,1,1,1,1,0,0,1,1,1,1,4,6,0,1,2,0,0,4,0,1
459,701-151-005-3539-001,1,1,1,0,0,1,1,1,1,1,1,0,0,1,1,1,1,1,5,1,1,1,0,0,1,0,0
460,701-151-005-3522-001,1,1,1,0,0,1,1,0,1,1,1,0,0,1,1,1,1,1,3,0,1,1,0,0,1,0,1
461,701-151-005-2883-001,1,1,1,0,0,1,1,1,1,1,1,0,0,1,1,1,1,1,6,0,1,0,0,0,1,0,0
462,701-151-005-2884-001,1,1,1,0,0,1,1,1,1,1,1,0,0,1,1,1,1,1,6,0,1,0,0,0,1,0,0
463,701-151-005-2885-001,1,1,1,0,0,1,1,1,1,1,1,0,0,1,1,1,1,1,5,0,1,0,1,0,1,0,0
464,701-151-005-2886-001,1,1,1,0,0,1,1,1,1,1,1,0,0,1,1,1,1,1,4,0,1,0,0,0,1,0,0
465,701-151-005-2887-001,1,1,1,0,0,1,1,1,1,1,1,0,0,1,1,1,1,1,5,0,1,0,1,0,1,0,0
466,701-151-005-2888-001,1,1,1,0,0,1,1,1,1,1,1,0,0,1,1,1,1,1,5,0,1,0,1,0,1,0,0
467,701-151-005-3517-001,1,1,1,0,0,1,1,1,1,1,1,0,0,1,1,1,1,3,3,1,1,1,0,0,1,0,0
468,701-151-005-3523-001,1,1,1,0,0,1,1,0,1,1,1,0,0,1,1,1,1,3,4,0,1,1,0,0,3,0,0
469,701-151-005-3524-001,1,1,1,0,0,1,1,0,1,1,1,0,0,1,1,1,1,3,4,0,1,1,0,0,3,0,0
470,701-151-005-3540-001,1,1,1,0,0,1,1,0,1,1,1,0,0,1,1,1,1,1,3,0,1,1,0,0,1,0,1
471,701-151-005-3525-001,1,1,1,0,0,1,1,0,1,1,1,0,0,1,1,1,1,12,5,0,1,1,0,0,12,0,0
472,701-151-005-3532-001,1,1,1,0,0,1,1,0,1,1,1,0,0,1,1,1,1,1,4,0,1,1,0,0,1,0,0
473,701-151-005-3533-001,1,1,1,1,0,1,1,1,1,1,1,0,0,1,1,1,1,3,4,0,1,1,0,0,3,0,1
474,701-151-005-2691-015,1,1,1,0,0,1,1,1,1,1,1,0,0,1,1,1,1,2,7,3,1,1,1,0,2,0,0
475,701-151-005-2827-001,1,1,1,0,0,1,1,1,1,1,1,0,0,1,1,1,1,1,5,0,1,0,0,0,1,0,0
476,701-151-005-2876-001,1,1,1,0,0,1,1,1,1,1,1,0,0,1,1,1,1,1,5,0,1,0,1,0,1,0,0
477,701-151-005-2878-001,1,1,1,0,0,1,1,1,1,1,1,0,0,1,1,1,1,1,3,0,1,0,0,0,1,0,0
478,701-151-005-2879-001,1,1,1,0,0,1,1,1,1,1,1,0,0,1,1,1,1,1,4,0,1,0,1,0,1,0,0
479,701-151-005-2877-001,1,1,1,0,0,1,1,1,1,1,1,0,0,1,1,1,1,1,3,0,1,0,0,0,1,0,0
480,701-151-005-2880-001,1,1,1,0,0,1,1,1,1,1,1,0,0,1,1,1,1,1,2,0,1,0,0,0,1,0,0
481,701-151-005-2881-001,1,1,1,0,0,1,1,1,1,1,1,0,0,1,1,1,1,1,4,0,1,0,0,0,1,0,0
482,701-151-005-2882-001,1,1,1,0,0,1,1,1,1,1,1,0,0,1,1,1,1,1,4,0,1,0,0,0,1,0,0
483,701-151-005-2691-005,1,1,1,0,0,1,1,1,1,1,1,0,0,1,1,1,1,3,8,1,1,1,1,0,3,0,0
484,701-151-005-3505-001,1,1,1,0,0,1,1,0,1,1,1,0,0,1,1,1,1,1,3,1,1,1,0,0,1,0,1
485,701-151-005-3506-001,1,1,1,1,0,1,1,1,1,1,1,0,0,1,1,1,1,1,4,1,1,1,0,0,1,0,1
486,701-151-005-3504-004,1,1,1,0,0,1,1,0,1,1,1,0,0,1,1,1,1,9,4,0,2,1,0,0,9,0,1
487,701-151-005-3510-001,1,1,1,1,0,1,1,0,1,1,1,0,0,1,1,1,1,3,4,1,2,1,0,0,2,0,1
488,701-151-005-2622-001,1,1,1,0,0,1,1,1,1,1,1,0,0,1,1,1,1,1,4,0,1,0,1,0,1,0,0
489,701-151-005-3574-001,1,1,1,0,0,1,1,0,1,1,1,0,0,1,1,1,1,2,3,4,1,1,0,0,2,0,1
490,701-151-005-2691-001,1,1,1,0,0,1,1,1,1,1,1,0,0,1,1,1,1,4,5,1,1,1,1,0,4,0,0
491,701-151-005-3509-001,1,1,0,0,0,1,1,0,1,1,1,0,0,1,1,1,1,1,2,0,1,2,0,0,1,0,1
492,701-151-005-2691-012,1,1,1,0,0,1,1,1,1,1,1,0,0,1,1,1,1,5,5,1,1,1,1,0,5,0,0
493,701-151-005-3507-001,1,1,1,1,0,1,1,1,1,1,1,0,0,1,1,1,1,1,5,0,1,1,0,0,1,0,1
494,701-151-005-3508-001,1,1,1,1,0,1,1,1,1,1,1,0,0,1,1,1,1,2,6,0,1,1,0,0,2,0,1
495,701-151-005-2889-001,1,1,1,0,0,1,1,1,1,1,1,0,0,1,1,1,1,1,6,0,1,0,1,0,1,0,0
496,701-151-005-3542-001,1,1,1,0,0,1,1,1,1,1,1,0,0,1,1,1,1,3,3,0,1,1,0,0,3,0,1
497,701-151-005-2890-001,1,1,1,0,0,1,1,0,1,1,1,0,0,1,1,1,1,1,4,0,1,0,1,0,1,0,0
498,701-151-005-2942-001,1,1,1,0,0,1,1,1,1,1,1,0,0,1,1,1,1,1,3,0,2,1,1,0,1,0,1
499,701-151-005-2943-001,1,1,1,0,0,1,1,1,1,1,1,0,0,1,1,1,1,1,3,0,2,1,1,0,1,0,1
500,701-151-005-2789-007,1,1,1,0,0,1,1,1,1,1,1,0,0,1,1,1,1,4,7,0,1,1,1,0,4,0,1
501,701-151-005-3057-005,1,1,1,0,0,1,1,1,1,1,1,0,0,1,1,1,1,2,3,6,1,1,1,0,2,0,1
502,701-151-005-2789-002,1,1,1,0,0,1,1,1,1,1,1,0,0,1,1,1,1,1,6,0,1,1,1,0,1,0,0
503,701-151-005-2789-012,1,1,1,0,0,1,1,1,1,1,1,0,0,1,1,1,1,1,5,0,1,1,1,0,1,0,0
504,701-151-005-2789-001,1,1,1,0,0,1,1,1,1,1,1,0,0,1,1,1,1,3,6,0,1,1,1,0,3,0,1
505,701-151-005-2789-008,1,1,1,0,0,1,1,1,1,1,1,0,0,1,1,1,1,2,6,0,1,1,0,0,2,0,0
506,701-151-005-2789-003,1,1,1,0,0,1,1,1,1,1,1,0,0,1,1,1,1,2,6,0,1,1,1,0,2,0,0
507,701-151-005-2843-003,1,1,1,0,0,1,1,1,1,1,1,0,0,1,1,1,1,4,5,1,1,1,1,0,4,0,1
508,701-151-005-2691-008,1,1,1,0,0,1,1,1,1,1,1,0,0,1,1,1,1,3,6,1,1,0,1,0,3,0,0
509,701-151-005-2691-016,1,1,1,0,0,1,1,1,1,1,1,0,0,1,1,1,1,3,7,1,1,1,1,0,3,0,0
510,701-151-005-2691-011,1,1,1,0,0,1,1,1,1,1,1,0,0,1,1,1,1,3,5,1,1,1,0,0,3,0,0
511,701-151-005-3575-001,1,1,1,0,1,1,1,0,1,1,1,0,0,1,1,1,1,5,4,4,1,1,0,0,6,0,1